Khan,0,Ajman University
Aalst,0,RWTH Aachen University
Aaronson,4,University of Texas at Austin
Abebe,0,"University of California, Berkeley"
Abelson,1,Massachusetts Institute of Technology
Abiteboul,4,INRIA
Abramsky,4,University of Oxford
Adleman,2,University of Southern California
Agrawal,8,Indian Institute of Technology Kanpur
Ahn,3,Carnegie Mellon University
Aho,5,Columbia University
Allen,6,IBM
Amdahl,4,Thesis
Anderson,5,"University of California, Berkeley"
Anthony,0,
Appel,0,
Aragon,4,University of Washington
Arden,0,
Jones,0,
Arora,0,Princeton University
Asprey,0,
Atanasoff,17,
Atre,0,
Babbage,2,"Trinity College, Cambridge"
Bachman,5,Dow Chemical
Backhouse,0,Royal Aircraft Establishment
Backus,9,IBM
Bacon,3,IBM Watson Research Center
Bader,1,New Jersey Institute of Technology
Bahl,0,Microsoft
Barr,0,
Bartik,3,
Barto,2,University of Massachusetts Amherst
Bauer,0,University of Mainz
Bayer,1,Technical University Munich
Bell,3,DEC
Bellovin,0,
Berdichevsky,0,
Berners-Lee,8,CERN
Bernstein,0,University of Illinois at Chicago
Bernus,0,
Bhushan,0,
Bjørner,6,Technical University of Denmark
Blaauw,0,
Black,5,University College London
Blei,4,Princeton University
Blum,0,
Blum,3,
Blum,5,"University of California, Berkeley"
Boehm,0,
Böhm,0,"University of Rome ""La Sapienza"""
Bollacker,0,
Bonwick,0,
Booch,2,IBM
Boole,0,Lincoln Mechanics' Institute
Booth,0,Birkbeck College
Booth,0,Birkbeck College
Borg,0,Nixdorf Computer
Bos,0,
Botvinnik,0,
Bowen,12,Museophile Limited
Bourne,1,Bell Labs
Bouwman,0,
Boyer,0,
Brandenburg,0,Fraunhofer Society
Brassard,3,Université de Montréal
Breed,2,IBM
Bresenham,0,
Brin,0,
Brown,0,
Hansen,1,Regnecentralen
Brinkkemper,0,
Brooks,5,IBM
Brooks,12,Stanford University
Burnett,0,
Butler,0,University of Southampton
Gil,0,University of La Laguna
Camp,2,Colorado School of Mines
Campbell-Kelly,0,University of Warwick
Candlin,0,
Canion,0,
Cantrill,0,
Cardelli,3,Bell Labs
Carmack,0,
Caspersen,7,Aarhus U.
Catmull,4,New York Institute of Technology
Cerf,12,IBM
Chaitin,0,Mohammed VI Polytechnic University
Cailliau,0,
Chaochen,1,Peking University
Chen,15,Carnegie Mellon University
Chiariglione,0,
Chou,0,
Church,0,Princeton University
Ciaramella,0,
Clarke,4,Carnegie Mellon University
Cocke,4,IBM
Codd,5,University of Oxford
Cohen,0,
Coldwater,0,
Colton,0,"Imperial College, London"
Colmerauer,0,
Comer,0,
Compton,0,
Conway,2,Cornell University
Cormack,0,
Cook,8,University of Toronto
Cooley,0,
Cooper,0,
Corbató,8,Massachusetts Institute of Technology
Cosper,0,
Cousot,0,
Cox,4,University College London
Cray,0,Engineering Research Associates
Cristianini,4,University of Bath
Crowcroft,3,University of Cambridge
Croft,0,
Culler,2,"University of California, Santa Barbara"
Curry,0,Pennsylvania State University
Dadda,0,
Dahl,11,Norwegian Computing Center
Dahl,0,
Dam,0,
Das,0,Stony Brook University
Daswani,0,
Date,0,
Davis,0,
Dean,0,Google
Demaine,2,Massachusetts Institute of Technology
DeMarco,10,Bell Labs
DeMillo,0,
Denning,4,Naval Postgraduate School
Denning,6,MIT
Dertouzos,0,
Dewdney,0,
Dewar,0,Illinois Institute of Technology
Dham,0,
Dietz,0,
Diffie,6,Stanford University
Dijkstra,5,Mathematisch Centrum
Dillon,0,
Dix,0,
Dongarra,15,University of Tennessee
Dorigo,0,
Dourish,0,
Draper,5,Massachusetts Institute of Technology
Dumais,1,Microsoft Research
Dunkels,0,Swedish Institute of Computer Science
Dunn,2,Wayne State University
Dustdar,0,
Eades,0,
Easley,0,
Ebbinkhuijsen,0,
Eckert,1,
Edelman,3,MIT
Eich,0,
Emeagwali,0,
Emerson,2,UT Austin
Engelbart,6,SRI International
Engelhardt,6,Princeton University
Eppstein,0,"University of California, Irvine"
Ershov,0,
Estridge,0,IBM
Etzioni,6,Allen Institute for Artificial Intelligence
Evans,0,Royal Air Force
Evans,1,"University of California, Berkeley"
Even,0,Technion
Fahlman,1,Carnegie Mellon University
Feigenbaum,3,Stanford University
Felten,2,Princeton University
Finin,3,UMBC
Finkel,0,
Firesmith,0,Software Engineering Institute
Flake,0,
Flowers,0,
Floyd,5,Illinois Institute of Technology
Floyd,2,
Fogel,0,
Foley,6,Georgia Tech
Forbus,0,UIUC
Jr.,0,
Fortnow,4,Illinois Institute of Technology
Fayed,0,
Fowler,0,
France,5,Florida Atlantic University
Franke,0,
Fredkin,1,Massachusetts Institute of Technology
Freund,1,University of California San Diego
Friedman,0,
Fischer,4,University of British Columbia
Fu,0,
Fu,0,
Fukushima,1,Japanese
Fulkerson,2,RAND Corporation
Gabriel,2,Stanford University
Galil,3,IBM
Galler,0,University of Michigan
Garcia-Molina,1,Stanford University
Garey,0,
Garis,0,
Gates,4,
Gelernter,2,computer scientist
Gelobter,0,
Geschke,12,
Ghahramani,2,Google
Ghemawat,1,DEC Systems Research Center
Gibbons,0,University of Auckland
Gilbert,19,
Giles,7,Ford Motor Company
Ginsburg,0,University of Southern California
Glass,0,
Gödel,3,Institute for Advanced Study
Goel,1,Ohio State University
Goguen,0,"University of California, Berkeley"
Gold,0,
Goldberg,0,Xerox PARC
Goldberg,2,Amazon
Goldberg,0,University of Waterloo
Goldsmith,0,
Goldreich,1,
Goldwasser,11,Massachusetts Institute of Technology
Golub,0,Stanford University
Golumbic,0,
Gonnet,0,University of Waterloo
Goodfellow,0,Apple Inc.
Gosling,5,Sun Microsystems
Graham,0,
Graham,0,
Graham,5,"University of California, Berkeley"
Gray,5,
Greibach,0,"University of California, Los Angeles"
Gries,4,U.S. Naval Weapons Laboratory
Griswold,0,
Gropp,1,Yale University
Gruber,0,
Guberman,0,
Guha,0,Google
Gunther,0,San Jose State University
Gutknecht,0,Swissair
Guy,0,University of Cambridge
Griesemer,0,
Habermann,0,Carnegie Mellon University
Hahn,0,
Hall,0,
Hall,6,University of Southampton
Halpern,2,Cornell University
Hamilton,11,
Hamming,4,University of Louisville
Han,0,University of Illinois at Urbana-Champaign
Harary,0,University of Michigan
Harris,0,National Film Board of Canada
Hartmanis,3,General Electric
Håstad,4,KTH Royal Institute of Technology
Hatton,3,Kingston University
Hawryszkiewycz,0,
Jifeng,0,East China Normal University
Hehner,0,University of Toronto
Hellman,5,Stanford University
Heiser,11,University of New South Wales
Hendler,0,Rensselaer Polytechnic Institute
Hennessy,9,
Herbert,0,
Hewitt,0,MIT
Hightower,0,
Hillis,3,Thinking Machines
Hinton,9,University of Toronto
Hirschberg,2,Columbia University
Ho,0,
Hoare,5,Elliott Brothers
Hodes,0,Massachusetts Institute of Technology
Holberton,4,
Holland,1,University of Michigan
Hollerith,3,
Holzmann,4,Bell Labs
Hopcroft,7,Cornell University
Hopper,9,Vassar College
Horvitz,0,
Householder,0,Oak Ridge National Laboratory
Hudak,6,Watkins-Johnson Company
Huffman,5,
Hughes,2,Chalmers University of Technology
Hui,2,I. P. Sharp Associates
Humphrey,3,IBM
Hutchins,0,
Hoberman,0,
Ichbiah,0,
Ierusalimschy,0,Pontifical Catholic University of Rio de Janeiro
Ingalls,11,Xerox PARC
Irwin,13,Pennsylvania State University
Iverson,4,Harvard University
Jacobson,0,Ericsson
Jain,10,Michigan State University
Jain,0,University of Hamburg
James,0,
Johnson,2,
Johnson,0,Bell Labs
Jones,0,IBM Laboratory Vienna
Jordan,5,"University of California, Berkeley"
Joseph,5,University of Warwick
Joshi,0,University of Pennsylvania
Joy,4,
Jurafsky,3,Stanford University
Kahan,1,"University of California, Berkeley"
Kahn,12,Bell Labs
Kak,0,
Kamp,0,
Karger,3,Harvard University
Karp,16,"University of California, Berkeley"
Karmarkar,0,Bell Labs
Karpinski,0,
Kaehler,0,Xerox PARC
Kay,4,Xerox PARC
Kayal,0,Institute for Advanced Study
Kellis,3,
Kemeny,4,
Kennedy,0,Rice University
Kernighan,0,Princeton University
Kesselman,0,
Kiczales,0,
Kirstein,3,CERN
Kleene,8,University of Wisconsin–Madison
Klein,1,"University of California, Berkeley"
Kleinrock,5,UCLA
Knuth,14,Stanford University
Koenig,0,
Koller,5,Stanford University
Kölling,7,King's College London
Kolmogorov,7,Moscow State University
Kolodner,6,Boston College
Korn,0,
Koster,0,Mathematisch Centrum
Kowalski,2,University of Edinburgh
Koza,0,
Krogstie,0,
Kruskal,0,University of Michigan
Kruusmaa,0,
Kurtz,1,
Ladner,4,University of Washington
Lam,0,Stanford University
Lamport,6,Microsoft Research
Lampson,6,"University of California, Berkeley"
Landin,0,Christopher Strachey
Lane,0,
Langefors,0,
Lattner,2,SiFive
Lawrence,0,
Lazowska,0,University of Washington
Lederberg,3,
Lehman,3,Ferranti
Leiserson,0,Massachusetts Institute of Technology
Lenat,6,
LeCun,3,Bell Labs
Lerdorf,0,
Levchin,0,
Levin,1,Boston University
Leyton-Brown,2,University of British Columbia
Licklider,0,
Liddle,0,
Liedtke,0,GMD
Lions,0,Dalhousie University
Lindsey,0,www
Lipton,3,
Liskov,3,.cs
Liu,0,
Long,5,.man
Lopez,3,
Lovegrove,0,.ac
Lovelace,0,
Luckham,0,.uk
Luks,0,
Lynch,9,/~lindsec
Thalmann,2,Yale
Maibaum,6,Massachusetts Institute of Technology
Marlow,3,Cornell University
Manna,2,"University of California, Santa Cruz"
Martin,3,Intel Corporation
Martin,0,
Mashey,0,
Matiyasevich,7,"University of California, Los Angeles"
Matsumoto,0,
Mauchly,2,Tufts University
Maulik,0,Université Laval
McAuley,1,"Imperial College, London"
McCarthy,7,Microsoft Research
McCallum,2,Weizmann Institute of Science
McIlroy,0,IBM
McKinstry,0,
McKusick,0,
Meertens,1,Petersburg Department
Mehlhorn,4,
Metcalf,0,Ursinus College
Meyer,0,Jadavpur University
Micali,3,University of Glasgow
Milner,4,Stanford University
Minker,1,University of Massachusetts Amherst
Minsky,6,
Mitchell,9,
Mitchell,3,
Mithal,0,Centrum Wiskunde & Informatica
Mockapetris,4,Universität des Saarlandes
Moler,2,
Moller,0,
Moon,0,University of Toronto
Moore,0,Ferranti
Moore,0,"University of Maryland, College Park"
Moore,9,Massachusetts Institute of Technology
Moore,0,Oracle
Moore,2,Carnegie Mellon University
Moravec,0,"University of California, Irvine"
Morgan,0,
Morris,0,University of Michigan
Moses,0,
Motwani,5,
Mukhanov,0,
Muggleton,4,
Müller,1,Intel
Mycroft,0,
Myers,4,Stanford University
Nadin,0,Carnegie Mellon University
Nagao,10,Oxford University Computing Laboratory
Nake,0,
Nardi,0,MIT
Naur,12,
Needham,4,
Nell,0,Imperial College London
Nelson,2,Technical University of Berlin
Neumann,0,University of Cambridge
Neumann,0,Carnegie Mellon University
Neumann,6,
Newell,16,Kyoto University
Newman,5,
Ng,9,
Nilsson,0,Regnecentralen
Nijssen,0,University of Cambridge
Nipkow,0,
Nivat,7,Xerox Palo Alto Research Center
Nkambule,3,
Noe,0,Princeton University
Nordin,0,University of Göttingen
Norman,0,Carnegie Mellon University
Norvig,2,University of Cambridge
Novacky,0,Stanford University
Nygaard,1,SRI International
Odersky,0,
O'Hearn,9,MIT
Olle,0,University of Paris
Omohundro,0,
Ornstein,0,SRI International
O'Sullivan,4,[1]
Ousterhout,2,Northwestern University
Overmars,0,Stanford University
Owicki,0,University of Pittsburgh
Page,0,Norwegian Defense Research Establishment
Pal,5,
Pandya,6,Meta Platforms
Papadimitriou,5,
Park,0,University of Illinois at Urbana-Champaign
Parnas,0,
Patil,0,
Patt,0,
Patterson,6,Utrecht University
Paterson,4,
Pătraşcu,0,
Paulson,1,Indian Statistical Institute
Pausch,1,Oxford University Computing Laboratory
Pavón,0,"University of California, Berkeley"
Pearl,4,Massachusetts Institute of Technology
Perlis,2,
Perlman,0,
Perotto,0,
Péter,0,"University of California, Berkeley"
Jones,2,Massachusetts Institute of Technology
Pham,0,AT&T Labs
Pieraccini,0,University of Cambridge
Pingali,3,Carnegie Mellon University
Plotkin,3,Complutense University of Madrid
Pnueli,6,
Poel,0,Association for Computing Machinery
Popplewell,0,Intel
Post,0,
Postel,3,
Preparata,1,Epic Games
Press,0,
Rabana,0,
Rozenberg,0,Cornell
Rabin,10,University of Edinburgh
Radev,0,Tel Aviv University
Raman,7,Delft University of Technology
Randell,0,University of Manchester
Ravn,4,Princeton University
Reddy,4,
Reed,0,Brown University
Reenskaug,0,Harvard University
Reynolds,2,
Reynolds,0,Leiden University
Riet,0,Harvard University
Richards,0,
Richards,2,
Riese,0,Newcastle University
Rijsbergen,0,University of Copenhagen
Ritchie,2,IIIT Hyderabad
Rivest,5,Lotus Software
Robinson,4,Xerox PARC
Rolland,0,Syracuse University
Romero,0,[1]
Rosenfeld,5,Vrije Universiteit Amsterdam
Ross,1,
Rossum,1,University of Cambridge Computer Laboratory
Rothman,0,
Royce,0,Monash University
Rucker,0,Lucent Technologies
Rudich,4,Massachusetts Institute of Technology
Rulifson,0,University of New South Wales
Rumbaugh,0,
Ružička,0,
Sadowsky,0,"University of Maryland, College Park"
Sadrzadeh,0,Massachusetts Institute of Technology
Saif,0,
Salton,0,
Sammet,2,
Sammut,0,
Sassenrath,0,Carnegie Mellon
Satyanarayanan,5,Stanford Research Institute
Savitch,0,
Schaeffer,2,Comenius University
Schickard,0,
Schmidhuber,0,Queen Mary University of London
Schneider,0,
Schneier,0,Cornell University
Schneider,13,
Schoenebeck,0,
Schroeder,0,
Schölkopf,1,Carnegie Mellon University
Scott,6,"University of California, San Diego"
Scott,0,University of Alberta
Sedgewick,3,
Sethi,0,Dalle Molle Institute for Artificial Intelligence Research
Shadbolt,5,"Royal Holloway, University of London"
Shamir,6,Harvard University
Shannon,10,Cornell University
Shaw,0,University of Michigan
Shaw,0,
Shenker,3,Max Planck Institute for Intelligent Systems
Shekhar,0,University of Chicago
Shneiderman,10,
Shortliffe,0,Princeton University
Siewiorek,2,Penn State University
Sifakis,10,"Jesus College, Oxford"
Simon,10,Weizmann Institute
Singh,2,Bell Labs
Sitaraman,0,
Sleator,4,
Sloman,0,"University of California, Berkeley"
Sølvberg,0,
Smith,0,"University of Maryland, College Park"
Smith,1,
Spewak,0,Carnegie Mellon University
Spradling,0,CNRS
Sproull,0,Carnegie Mellon University
Srihari,0,North Carolina State University
Srihari,4,"University of Massachusetts, Amherst"
Stachowiak,0,Carnegie Mellon University
Stallman,5,University of Sussex
Stamper,0,
Starner,0,University of Toronto
Stearns,4,Stanford Artificial Intelligence Laboratory
Jr.,2,
Sterling,3,Northwest Missouri State University
Stepanov,0,
Stevens,0,
Stockmeyer,0,
Stolfo,0,
Stonebraker,9,
Storaasli,0,
Strachey,0,
Strassen,0,University at Albany
Stroustrup,11,Carnegie Mellon University
Sudan,3,Indiana University
Sussman,6,
Sutherland,2,
Sutherland,11,
Sweeney,0,
Szegedy,1,"University of California, Berkeley"
Tabriz,0,
Tamassia,0,University of Cambridge
Tanenbaum,0,University of Konstanz
Tate,5,Aarhus University
Thalheim,3,
Tardos,1,Massachusetts Institute of Technology
Tardos,4,United States Navy
Tarjan,5,Harvard University
Taylor,7,Harvard University
Tchou,0,Rutgers University
Teevan,1,
Teng,3,
Tesler,0,
Tevanian,0,University of Edinburgh
Thacker,1,Christian-Albrechts-Universität
Thalmann,3,Cornell University
Thompson,9,Central European University
Thrun,1,Princeton University
Tichy,0,Texas A&M University
Toda,0,
Toh,3,Microsoft Research
Torvalds,0,University of Southern California
Quevedo,1,Xerox PARC
Toussaint,0,
Townsend,0,Xerox
Tozer,0,Nanyang Technological University
Traub,0,Bell Labs
Tucker,0,Google X Lab
Tukey,7,Karlsruhe Institute of Technology
Turing,4,
Turner,0,National Tsing Hua University
Turoff,5,
Ullman,12,
Valiant,6,
Vapnik,1,DePauw University
Vardi,7,
Vaughan,0,Columbia University
Vauquois,0,
Vazirani,6,Bell Labs
Veloso,7,University of Manchester
Vernadat,0,Queen Mary University of London
Veryard,0,New Jersey Institute of Technology
Vilkomir,6,Stanford University
Vitanyi,0,Harvard University
Viterbi,2,Facebook Artificial Intelligence Research
Vitter,0,Rice University
Vixie,0,NACA
Wada,0,French National Centre for Scientific Research
Wagner,0,"University of California, Berkeley"
Waltz,2,JPMorgan Chase
Wang,0,
Ward,0,
Warmuth,2,London South Bank University
Warren,0,CWI
Warwick,4,University of Southern California
Weglarz,0,
Wadler,4,
Wegner,3,University of Tokyo
Wegstein,0,
Weinberger,0,Columbia University
Weiser,0,Pennsylvania State University
Weizenbaum,0,
Wheeler,6,"University of California, Santa Cruz"
Westervelt,0,SRI International
Whittaker,2,Somerville College
Widom,4,Poznań University of Technology
Wiederhold,7,University of Edinburgh
Wiener,1,University of London
Wijngaarden,4,National Bureau of Standards
Wilkes,0,University of Michigan
Wilkes,5,
Wilks,16,MIT
Wilkinson,3,University of Cambridge
Wilson,6,
Winograd,0,"University of California, Santa Cruz"
Winograd,1,Stanford University
Winston,7,Stanford University
Wirth,5,Massachusetts Institute of Technology
Wiseman,0,University of Amsterdam
Wisnosky,0,MIT
Wolfram,4,University of Cambridge
Woodger,0,University of Sheffield
Woodward,3,National Physical Laboratory
Worsley,0,University of Cambridge
Wozniak,0,Technion – Israel Institute of Technology
Wu,0,Stanford University
Wulf,0,
Yannakakis,1,ETH Zurich
Yao,1,University of Cambridge
Yen,2,
Yoneda,0,Wolfram Research
Yourdon,0,National Physical Laboratory
Yung,6,Telecommunications Research Establishment
Zadeh,4,
Zantema,0,
Zaman,0,
Zdonik,0,Carnegie Mellon University
Zedan,0,Columbia University
Zilberstein,0,Stanford University
